{"cameraMode":{"drawMode":0,"name":"Shaded","section":"Shading Mode"},"sceneLighting":false,"audioPlay":false,"sceneViewState":{"showFog":true,"showMaterialUpdate":false,"showSkybox":false,"showFlares":true,"showImageEffects":true,"showParticleSystems":true},"in2DMode":false,"pivot":{"x":0.25974732637405398,"y":0.7525291442871094,"z":-0.13222412765026093},"rotation":{"x":0.01511804573237896,"y":0.9824058413505554,"z":-0.16207008063793183,"w":0.09162835031747818},"size":1.2324090003967286,"orthographic":false}